{"stats":{"minecraft:used":{"minecraft:wooden_axe":3,"minecraft:dirt":3,"minecraft:crafting_table":1,"minecraft:spruce_planks":1,"minecraft:wooden_shovel":2,"minecraft:spruce_sapling":1},"minecraft:custom":{"minecraft:open_chest":2,"minecraft:time_since_rest":4261,"minecraft:play_one_minute":11710,"minecraft:sprint_one_cm":17866,"minecraft:deaths":1,"minecraft:damage_taken":250,"minecraft:walk_one_cm":12829,"minecraft:mob_kills":2,"minecraft:jump":102,"minecraft:damage_dealt":200,"minecraft:leave_game":1,"minecraft:time_since_death":1106,"minecraft:interact_with_crafting_table":1,"minecraft:fall_one_cm":3192,"minecraft:fly_one_cm":11528},"minecraft:killed":{"minecraft:cow":2},"minecraft:killed_by":{"minecraft:zombie":1},"minecraft:crafted":{"minecraft:wooden_shovel":1,"minecraft:crafting_table":1,"minecraft:spruce_planks":16,"minecraft:stick":8,"minecraft:wooden_pickaxe":1,"minecraft:wooden_axe":1},"minecraft:mined":{"minecraft:grass_block":4,"minecraft:dirt":1,"minecraft:spruce_leaves":8,"minecraft:spruce_log":4,"minecraft:crafting_table":1},"minecraft:picked_up":{"minecraft:stick":1,"minecraft:crafting_table":1,"minecraft:leather":2,"minecraft:beef":6,"minecraft:spruce_sapling":1,"minecraft:spruce_log":4,"minecraft:dirt":3}},"DataVersion":2586}